{
  "cnn_base": {
    "Healthy Control": {
      "precision": 0.0,
      "recall": 0.0,
      "f1-score": 0.0,
      "support": 12.0
    },
    "Parkinson Disease": {
      "precision": 0.29411764705882354,
      "recall": 0.4166666666666667,
      "f1-score": 0.3448275862068966,
      "support": 12.0
    },
    "accuracy": 0.20833333333333334,
    "macro avg": {
      "precision": 0.14705882352941177,
      "recall": 0.20833333333333334,
      "f1-score": 0.1724137931034483,
      "support": 24.0
    },
    "weighted avg": {
      "precision": 0.14705882352941177,
      "recall": 0.20833333333333334,
      "f1-score": 0.1724137931034483,
      "support": 24.0
    }
  },
  "rnn_base": {
    "Healthy Control": {
      "precision": 0.0,
      "recall": 0.0,
      "f1-score": 0.0,
      "support": 12.0
    },
    "Parkinson Disease": {
      "precision": 0.29411764705882354,
      "recall": 0.4166666666666667,
      "f1-score": 0.3448275862068966,
      "support": 12.0
    },
    "accuracy": 0.20833333333333334,
    "macro avg": {
      "precision": 0.14705882352941177,
      "recall": 0.20833333333333334,
      "f1-score": 0.1724137931034483,
      "support": 24.0
    },
    "weighted avg": {
      "precision": 0.14705882352941177,
      "recall": 0.20833333333333334,
      "f1-score": 0.1724137931034483,
      "support": 24.0
    }
  },
  "transformer_base": {
    "Healthy Control": {
      "precision": 0.5,
      "recall": 1.0,
      "f1-score": 0.6666666666666666,
      "support": 12.0
    },
    "Parkinson Disease": {
      "precision": 0.0,
      "recall": 0.0,
      "f1-score": 0.0,
      "support": 12.0
    },
    "accuracy": 0.5,
    "macro avg": {
      "precision": 0.25,
      "recall": 0.5,
      "f1-score": 0.3333333333333333,
      "support": 24.0
    },
    "weighted avg": {
      "precision": 0.25,
      "recall": 0.5,
      "f1-score": 0.3333333333333333,
      "support": 24.0
    }
  },
  "hybrid_base": {
    "Healthy Control": {
      "precision": 0.0,
      "recall": 0.0,
      "f1-score": 0.0,
      "support": 12.0
    },
    "Parkinson Disease": {
      "precision": 0.5,
      "recall": 1.0,
      "f1-score": 0.6666666666666666,
      "support": 12.0
    },
    "accuracy": 0.5,
    "macro avg": {
      "precision": 0.25,
      "recall": 0.5,
      "f1-score": 0.3333333333333333,
      "support": 24.0
    },
    "weighted avg": {
      "precision": 0.25,
      "recall": 0.5,
      "f1-score": 0.3333333333333333,
      "support": 24.0
    }
  },
  "xgb_meta": {
    "Healthy Control": {
      "precision": 0.0,
      "recall": 0.0,
      "f1-score": 0.0,
      "support": 12.0
    },
    "Parkinson Disease": {
      "precision": 0.29411764705882354,
      "recall": 0.4166666666666667,
      "f1-score": 0.3448275862068966,
      "support": 12.0
    },
    "accuracy": 0.20833333333333334,
    "macro avg": {
      "precision": 0.14705882352941177,
      "recall": 0.20833333333333334,
      "f1-score": 0.1724137931034483,
      "support": 24.0
    },
    "weighted avg": {
      "precision": 0.14705882352941177,
      "recall": 0.20833333333333334,
      "f1-score": 0.1724137931034483,
      "support": 24.0
    }
  },
  "rf_meta": {
    "Healthy Control": {
      "precision": 0.0,
      "recall": 0.0,
      "f1-score": 0.0,
      "support": 12.0
    },
    "Parkinson Disease": {
      "precision": 0.29411764705882354,
      "recall": 0.4166666666666667,
      "f1-score": 0.3448275862068966,
      "support": 12.0
    },
    "accuracy": 0.20833333333333334,
    "macro avg": {
      "precision": 0.14705882352941177,
      "recall": 0.20833333333333334,
      "f1-score": 0.1724137931034483,
      "support": 24.0
    },
    "weighted avg": {
      "precision": 0.14705882352941177,
      "recall": 0.20833333333333334,
      "f1-score": 0.1724137931034483,
      "support": 24.0
    }
  },
  "gb_meta": {
    "Healthy Control": {
      "precision": 0.0,
      "recall": 0.0,
      "f1-score": 0.0,
      "support": 12.0
    },
    "Parkinson Disease": {
      "precision": 0.29411764705882354,
      "recall": 0.4166666666666667,
      "f1-score": 0.3448275862068966,
      "support": 12.0
    },
    "accuracy": 0.20833333333333334,
    "macro avg": {
      "precision": 0.14705882352941177,
      "recall": 0.20833333333333334,
      "f1-score": 0.1724137931034483,
      "support": 24.0
    },
    "weighted avg": {
      "precision": 0.14705882352941177,
      "recall": 0.20833333333333334,
      "f1-score": 0.1724137931034483,
      "support": 24.0
    }
  }
}