Model,Type,accuracy,precision,recall,f1_score,auc
CNN,Base Model,0.20833333333333334,0.14705882352941177,0.20833333333333334,0.1724137931034483,0.18055555555555555
RNN,Base Model,0.20833333333333334,0.14705882352941177,0.20833333333333334,0.1724137931034483,0.21180555555555555
TRANSFORMER,Base Model,0.5,0.25,0.5,0.3333333333333333,0.7222222222222222
HYBRID,Base Model,0.5,0.25,0.5,0.3333333333333333,0.06944444444444445
XGB,Meta Learner,0.20833333333333334,0.14705882352941177,0.20833333333333334,0.1724137931034483,0.16319444444444442
RF,Meta Learner,0.20833333333333334,0.14705882352941177,0.20833333333333334,0.1724137931034483,0.18055555555555555
GB,Meta Learner,0.20833333333333334,0.14705882352941177,0.20833333333333334,0.1724137931034483,0.20833333333333334
