Model,Type,accuracy,precision,recall,f1_score,auc
CNN,Base Model,0.9310344827586207,0.9362638038696975,0.9310344827586207,0.9311576354679804,0.989517819706499
RNN,Base Model,0.9051724137931034,0.9075494421906695,0.9051724137931034,0.9046348830724082,0.9700509134471399
TRANSFORMER,Base Model,0.8793103448275862,0.8853974421240084,0.8793103448275862,0.8779869127270054,0.9035639412997903
HYBRID,Base Model,0.9051724137931034,0.9088882282996432,0.9051724137931034,0.9053489225903019,0.9628631326744534
XGB,Meta Learner,0.896551724137931,0.8999968101055854,0.896551724137931,0.8957993730407523,0.8912848158131177
RF,Meta Learner,0.9051724137931034,0.9075494421906695,0.9051724137931034,0.9046348830724082,0.9752920035938905
GB,Meta Learner,0.9051724137931034,0.9075494421906695,0.9051724137931034,0.9046348830724082,0.9007187780772686
