Model,Type,accuracy,precision,recall,f1_score,auc
CNN,Base Model,0.9583333333333334,0.9615384615384616,0.9583333333333334,0.9582608695652174,1.0
RNN,Base Model,0.9166666666666666,0.9285714285714285,0.9166666666666666,0.9160839160839161,1.0
TRANSFORMER,Base Model,1.0,1.0,1.0,1.0,1.0
HYBRID,Base Model,0.9583333333333334,0.9615384615384616,0.9583333333333334,0.9582608695652174,1.0
XGB,Meta Learner,0.875,0.9,0.875,0.8730158730158729,0.875
RF,Meta Learner,1.0,1.0,1.0,1.0,1.0
GB,Meta Learner,1.0,1.0,1.0,1.0,1.0
