Model,Type,accuracy,precision,recall,f1_score,auc
CNN,Base Model,0.9137931034482759,0.9140323503406668,0.9137931034482759,0.9136376823607427,0.986522911051213
RNN,Base Model,0.9051724137931034,0.9120689655172414,0.9051724137931034,0.9053205047658368,0.9862234201856843
TRANSFORMER,Base Model,0.8620689655172413,0.8629932673017741,0.8620689655172413,0.8614864513444636,0.9149445941898772
HYBRID,Base Model,0.9137931034482759,0.9227144252017061,0.9137931034482759,0.9138956391563361,0.9838274932614556
XGB,Meta Learner,0.9224137931034483,0.9238916256157637,0.9224137931034483,0.922535319943519,0.9818808026355196
RF,Meta Learner,0.9224137931034483,0.9238916256157637,0.9224137931034483,0.922535319943519,0.9782869122491765
GB,Meta Learner,0.9224137931034483,0.9238916256157637,0.9224137931034483,0.922535319943519,0.9523809523809523
